-1.01125,-7.00849,-26.4654,25.9636,-25.1694,1.38528,22.5776,-3.76217,-17.9457,-18.2215,-2.29171,16.778,-19.238,-22.6667,-14.5066,-20.8494,9.20468,-18.4096,3.20871,0.55035,1.23003,-0.147712,-5.59253,30,-26.7245,3.20836,0.586954,26.3509,-9.65918,12.611,8.44877,
-1.68992,-2.11713,-24.7998,23.2782,-12.9493,10.8138,14.5528,-12.9805,-27.2762,-23.0955,18.5437,9.44105,-5.6046,28.468,-23.2635,-20.8494,9.20468,-18.4096,3.20871,0.55035,1.23003,-1.33292,-5.59253,29.941,-26.7245,3.20836,0.586954,14.6213,-6.02796,21.7349,9.98328,
-1.72947,18.2035,-17.6746,-0.289845,16.8687,12.6782,-11.6946,8.01623,-2.9826,10.0544,1.48495,0.0159254,-22.827,-16.3499,-5.69466,-7.09784,20.0217,-19.6571,3.20871,0.55035,1.23003,-0.147712,-5.59253,30,-26.7245,3.20836,0.586954,26.3509,-9.65918,12.611,8.44877,
-1.74901,-29.73,-22.8147,5.64107,13.0152,-27.1455,-5.03318,11.9597,-19.6194,-1.53579,0.83537,18.598,-19.238,-22.6667,-14.5066,-20.8494,9.20468,-18.4096,3.20871,0.55035,1.23003,-0.147712,-5.59253,30,-26.7245,3.20836,0.586954,26.3509,-9.65918,12.611,8.44877,
-2.45562,-27.8157,-3.19015,-2.44753,-6.22743,-14.9578,1.61052,8.01623,-2.9826,10.0544,1.48495,0.0159254,-22.827,-16.3499,-5.69466,-7.09784,20.0217,-19.6571,3.20871,0.55035,1.23003,-1.33292,-5.59253,29.941,-26.7245,3.20836,0.586954,14.6213,-6.02796,21.7349,9.98328,
-2.45562,-27.8157,-3.19015,-2.44753,-6.22743,-14.9578,1.61052,8.01623,-2.9826,10.0544,1.48495,0.0159254,-22.827,-16.3499,-5.69466,-7.09784,20.0217,-19.6571,3.20871,0.55035,1.23003,-1.33292,-5.59253,29.941,-26.7245,3.20836,0.586954,14.6213,-6.02796,21.7349,9.98328,
-2.86957,-19.6659,1.78279,-0.406761,-6.59655,19.8262,18.7928,14.5271,-17.2291,15.1245,15.0781,4.96402,-0.890713,-0.818589,1.69888,-29.1829,19.9064,-9.85727,3.20871,0.55035,1.23003,3.84823,-5.59253,29.941,-26.7245,3.20836,-0.891028,26.3509,-9.65918,5.16076,-24.1998,
-3.06832,-27.8157,-3.19015,2.15632,-5.96214,-14.9578,14.5528,-12.9805,-29.5298,-21.9949,18.5437,9.44105,-5.6046,28.468,-23.2635,-20.8494,9.20468,-18.4096,3.20871,0.55035,1.23003,-1.33292,-0.240693,28.2061,-26.7245,-1.56345,0.586954,23.5242,-22.014,-1.18135,9.50759,
-3.77342,27.8762,-19.7534,-22.5919,-5.09287,-27.5287,-2.80979,15.0633,0.86885,-1.13779,-0.998641,27.9505,1.8078,28.468,-23.2635,-20.8494,9.20468,-18.4096,3.20871,0.55035,1.23003,-1.33292,-0.240693,28.2061,-26.7245,-1.56345,0.586954,23.5242,-22.014,-1.18135,9.50759,
-3.77342,27.8762,-19.7534,-22.5919,-5.09287,-27.5287,-2.80979,15.0633,0.86885,-1.13779,-0.998641,27.9505,1.8078,28.468,-23.2635,-20.8494,9.20468,-18.4096,3.20871,0.55035,1.23003,-1.33292,-0.240693,28.2061,-26.7245,-1.56345,0.586954,23.5242,-22.014,-1.18135,9.50759,
-3.77508,-27.8157,-3.19015,-2.44753,-6.66224,-16.205,1.61052,-1.08208,-2.9826,10.0544,1.48495,0.0159254,-23.1071,-18.5358,-5.69466,-7.09784,20.0217,-19.6571,3.20871,0.55035,1.23003,-1.33292,-5.59253,28.7452,-26.7245,1.59989,-0.0478367,14.6213,-6.02796,21.7349,9.98328,
-4.42584,-27.8157,-3.19015,-2.44753,-6.66224,-14.9578,1.61052,-1.08208,-2.9826,10.0544,1.48495,0.0159254,-22.827,-16.3499,-5.69466,-7.09784,20.0217,-19.6571,3.20871,0.55035,1.23003,-1.33292,-0.240693,28.2061,-26.7245,-1.56345,0.586954,27.0889,-22.014,-1.18135,5.14501,
-4.42584,-27.8157,-3.19015,-2.44753,-6.66224,-14.9578,1.61052,-1.08208,-2.9826,10.0544,1.48495,0.0159254,-22.827,-16.3499,-5.69466,-7.09784,20.0217,-19.6571,3.20871,0.55035,1.23003,-1.33292,-0.240693,28.2061,-26.7245,-1.56345,0.586954,27.0889,-22.014,-1.18135,5.14501,
-4.63351,-21.6658,-16.0331,26.7097,8.63889,-0.812797,1.61052,2.16058,-11.4515,10.0544,1.48495,0.0159254,-22.827,-12.0508,-5.69466,-7.09784,20.0217,-19.6571,3.20871,0.55035,1.23003,-1.33292,-0.240693,28.2061,-26.7245,-1.56345,0.586954,23.5242,-22.014,-1.18135,9.50759,
-4.7098,-17.8232,-16.0331,26.7097,8.63889,-0.812797,1.61052,2.16058,14.4838,-1.13779,1.48495,0.0159254,-22.827,-16.3499,-5.69466,-7.09784,20.0217,-23.2006,3.20871,0.55035,1.23003,-1.33292,-5.59253,30,-26.7245,-1.56345,0.586954,27.0889,-22.014,1.03189,9.50759,
-5.69204,-16.4052,-14.9392,26.7097,6.82867,-0.812797,1.61052,-1.03436,14.4838,0.392159,1.48495,0.0159254,-21.1515,11.8931,-26.6371,-17.3785,9.20468,-18.4096,3.20871,0.55035,1.23003,-1.33292,-0.240693,28.2061,-26.7245,-1.56345,0.586954,23.5242,-22.014,-1.18135,9.50759,
-5.69204,-16.4052,-14.9392,26.7097,6.82867,-0.812797,1.61052,-1.03436,14.4838,0.392159,1.48495,0.0159254,-21.1515,11.8931,-26.6371,-17.3785,9.20468,-18.4096,3.20871,0.55035,1.23003,-1.33292,-0.240693,28.2061,-26.7245,-1.56345,0.586954,23.5242,-22.014,-1.18135,9.50759,
-5.69204,-16.4052,-14.9392,26.7097,6.82867,-0.812797,1.61052,-1.03436,14.4838,0.392159,1.48495,0.0159254,-21.1515,11.8931,-26.6371,-17.3785,9.20468,-18.4096,3.20871,0.55035,1.23003,-1.33292,-0.240693,28.2061,-26.7245,-1.56345,0.586954,23.5242,-22.014,-1.18135,9.50759,
-5.69204,-16.4052,-14.9392,26.7097,6.82867,-0.812797,1.61052,-1.03436,14.4838,0.392159,1.48495,0.0159254,-21.1515,11.8931,-26.6371,-17.3785,9.20468,-18.4096,3.20871,0.55035,1.23003,-1.33292,-0.240693,28.2061,-26.7245,-1.56345,0.586954,23.5242,-22.014,-1.18135,9.50759,
-5.93493,-16.4052,-14.9392,26.7097,6.82867,-0.812797,1.61052,-1.03436,14.4838,0.392159,1.48495,0.0159254,-21.1515,19.8434,-2.4759,2.3385,15.3058,-19.6571,3.20871,0.55035,1.23003,-1.33292,-0.240693,28.2061,-26.7245,-1.56345,0.586954,23.5242,-22.014,0.795991,9.50759,
-6.24669,-20.1435,1.78279,-0.406761,-23.399,-0.812797,1.61052,15.0633,-2.9826,-0.29574,1.48495,0.0159254,1.8078,4.45682,-25.24,-20.8494,9.20468,-18.4096,3.20871,0.55035,1.23003,-1.33292,-0.240693,28.2061,-26.7245,-1.56345,0.586954,23.5242,-22.014,-1.18135,9.50759,
-6.24669,-20.1435,1.78279,-0.406761,-23.399,-0.812797,1.61052,15.0633,-2.9826,-0.29574,1.48495,0.0159254,1.8078,4.45682,-25.24,-20.8494,9.20468,-18.4096,3.20871,0.55035,1.23003,-1.33292,-0.240693,28.2061,-26.7245,-1.56345,0.586954,23.5242,-22.014,-1.18135,9.50759,
-6.24669,-20.1435,1.78279,-0.406761,-23.399,-0.812797,1.61052,15.0633,-2.9826,-0.29574,1.48495,0.0159254,1.8078,4.45682,-25.24,-20.8494,9.20468,-18.4096,3.20871,0.55035,1.23003,-1.33292,-0.240693,28.2061,-26.7245,-1.56345,0.586954,23.5242,-22.014,-1.18135,9.50759,
-6.63627,-17.4492,1.78279,-0.406761,-23.399,-0.812797,1.61052,15.0633,-0.9148,-1.13779,-0.998641,27.567,1.29293,-0.818589,1.69888,-25.9833,19.9064,-20.8468,3.20871,0.55035,1.23003,-1.33292,-0.240693,28.2061,-26.7245,-1.56345,0.586954,26.3509,-6.02796,21.7349,-8.46616,
-6.63627,-17.4492,1.78279,-0.406761,-23.399,-0.812797,1.61052,15.0633,-0.9148,-1.13779,-0.998641,27.567,1.29293,-0.818589,1.69888,-25.9833,19.9064,-20.8468,3.20871,0.55035,1.23003,-1.33292,-0.240693,28.2061,-26.7245,-1.56345,0.586954,26.3509,-6.02796,21.7349,-8.46616,
-6.63627,-17.4492,1.78279,-0.406761,-23.399,-0.812797,1.61052,15.0633,-0.9148,-1.13779,-0.998641,27.567,1.29293,-0.818589,1.69888,-25.9833,19.9064,-20.8468,3.20871,0.55035,1.23003,-1.33292,-0.240693,28.2061,-26.7245,-1.56345,0.586954,26.3509,-6.02796,21.7349,-8.46616,
-6.93994,-17.8232,-16.0331,26.7097,8.63889,-0.812797,1.61052,2.16058,14.4838,0.392159,1.48495,0.0159254,1.8078,-0.818589,1.69888,-24.0387,15.3058,-18.4096,1.62449,0.55035,1.23003,-1.33292,-0.240693,28.2061,-26.7245,-1.56345,0.586954,22.2294,-6.02796,23.8227,13.7819,
-7.06443,-17.1144,-20.5484,26.7097,8.63889,-0.812797,1.61052,0.0551024,-2.9826,0.392159,1.48495,0.0159254,-22.7856,-0.614395,1.71879,-20.1674,19.9064,-18.4096,1.12157,0.55035,1.24461,-1.33292,-0.240693,29.941,-26.7245,1.07952,0.586954,9.78913,-22.014,-0.535969,9.50759,
-7.6239,-20.1435,1.78279,-0.406761,-23.399,-0.812797,1.61052,0.0551024,-2.9826,0.392159,1.48495,0.0159254,-22.7856,-0.614395,1.71879,-20.1674,19.9064,-18.4096,1.12157,0.55035,1.24461,-1.33292,-0.240693,29.941,-26.7245,1.07952,0.586954,9.78913,-22.014,-0.535969,9.50759,
-7.85056,-20.1435,1.78279,-0.406761,-23.399,-0.812797,1.61052,0.0551024,-2.9826,0.392159,1.48495,0.0159254,-22.7856,-0.614395,1.71879,-20.1674,19.9064,-18.4096,1.12157,0.55035,1.24461,-1.33292,-0.240693,30,-26.7245,-1.56345,0.586954,23.5242,-22.014,-1.18135,9.28706,
-7.85056,-20.1435,1.78279,-0.406761,-23.399,-0.812797,1.61052,0.0551024,-2.9826,0.392159,1.48495,0.0159254,-22.7856,-0.614395,1.71879,-20.1674,19.9064,-18.4096,1.12157,0.55035,1.24461,-1.33292,-0.240693,30,-26.7245,-1.56345,0.586954,23.5242,-22.014,-1.18135,9.28706,
-7.85058,-20.1435,1.78279,-0.406761,-23.3074,-0.812797,1.61052,0.0551024,-2.9826,0.392159,1.48495,0.0159254,-22.7856,-0.614395,1.71879,-20.1674,19.9064,-18.4096,1.12157,0.55035,1.24461,-1.33292,-0.240693,30,-26.7245,-1.56345,0.586954,23.5242,-23.4214,-1.18135,9.50759,
-7.85058,-20.1435,1.78279,-0.406761,-23.3074,-0.812797,1.61052,0.0551024,-2.9826,0.392159,1.48495,0.0159254,-22.7856,-0.614395,1.71879,-20.1674,19.9064,-18.4096,1.12157,0.55035,1.24461,-1.33292,-0.240693,30,-26.7245,-1.56345,0.586954,23.5242,-23.4214,-1.18135,9.50759,
-7.85058,-20.1435,1.78279,-0.406761,-23.3074,-0.812797,1.61052,0.0551024,-2.9826,0.392159,1.48495,0.0159254,-22.7856,-0.614395,1.71879,-20.1674,19.9064,-18.4096,1.12157,0.55035,1.24461,-1.33292,-0.240693,30,-26.7245,-1.56345,0.586954,23.5242,-23.4214,-1.18135,9.50759,
-7.85058,-20.1435,1.78279,-0.406761,-23.3074,-0.812797,1.61052,0.0551024,-2.9826,0.392159,1.48495,0.0159254,-22.7856,-0.614395,1.71879,-20.1674,19.9064,-18.4096,1.12157,0.55035,1.24461,-1.33292,-0.240693,30,-26.7245,-1.56345,0.586954,23.5242,-23.4214,-1.18135,9.50759,
-8.39161,-20.1435,1.78279,-0.406761,-23.399,-0.812797,1.61052,0.0551024,-2.9826,0.392159,1.48495,0.0159254,1.8078,-0.818589,1.69888,-24.0387,15.3058,-18.4096,1.62449,0.55035,1.23003,-1.33292,-0.240693,29.6048,-30,-1.56345,0.586954,23.5242,-7.96796,-0.535969,9.50759,
-8.39161,-20.1435,1.78279,-0.406761,-23.399,-0.812797,1.61052,0.0551024,-2.9826,0.392159,1.48495,0.0159254,1.8078,-0.818589,1.69888,-24.0387,15.3058,-18.4096,1.62449,0.55035,1.23003,-1.33292,-0.240693,29.6048,-30,-1.56345,0.586954,23.5242,-7.96796,-0.535969,9.50759,
-8.50324,-27.8157,1.78279,-0.406761,8.63889,-0.812797,1.61052,0.0551024,-2.9826,0.392159,-1.50879,0.0159254,1.8078,-0.614395,1.71879,-20.1674,19.9064,-18.4096,1.12157,0.55035,1.24461,-1.33292,-0.240693,29.941,-26.7245,1.07952,0.586954,9.78913,-22.014,-0.535969,9.50759,
-8.59919,-20.1435,1.78279,-0.406761,-23.399,-0.812797,1.61052,0.0551024,-2.9826,0.392159,1.48495,0.0159254,1.8078,-0.818589,1.71879,-17.4166,24.3489,-15.0148,1.12157,0.55035,1.24461,-1.33292,-0.240693,29.941,-26.7245,-1.56345,-0.0887861,23.5242,-22.014,0.795991,10.9195,
-8.8099,-15.8743,1.78279,-0.406761,-23.399,-0.812797,1.61052,0.0551024,-1.64306,0.392159,1.48495,0.0159254,-22.7856,-0.614395,1.71879,-20.1674,19.9064,-18.4096,1.12157,0.55035,1.24461,-1.33292,-0.240693,29.6048,-30,-1.56345,0.586954,23.5242,-0.92566,21.7349,9.0976,
-8.8099,-21.4245,1.78279,-0.406761,-23.6944,-0.812797,1.61052,0.0551024,-1.64306,0.392159,1.48495,0.0159254,-22.7856,-0.614395,1.71879,-20.1674,19.4415,-18.4096,1.12157,0.55035,1.24461,-1.33292,-0.240693,29.6048,-30,-1.56345,0.586954,23.5242,-0.92566,21.7349,9.0976,
-8.8099,-15.8743,1.78279,-0.406761,-23.399,-0.812797,1.61052,0.0551024,-1.64306,0.392159,1.48495,0.0159254,-22.7856,-0.614395,1.71879,-20.1674,19.9064,-18.4096,1.12157,0.55035,1.24461,-1.33292,-0.240693,29.6048,-30,-1.56345,0.586954,23.5242,-0.92566,21.7349,9.0976,
-8.8099,-20.1435,1.78279,-0.406761,-23.6944,-0.812797,1.61052,0.0551024,-1.64306,0.392159,1.48495,0.0159254,-22.7856,-0.614395,1.71879,-20.1674,19.4415,-18.4096,1.12157,0.55035,1.24461,-1.33292,-0.240693,29.6048,-30,-1.56345,0.586954,23.5242,-0.92566,21.7349,9.0976,
-8.92935,-20.1435,1.78279,-0.406761,-23.757,-0.812797,1.61052,0.0551024,-0.211911,0.392159,-1.50879,0.0159254,1.8078,-0.614395,1.71879,-20.4336,19.9064,-18.4096,1.12157,0.55035,1.24461,-1.33292,-0.240693,28.2061,-26.7245,-1.56345,0.586954,25.959,-18.8329,-4.24438,9.50759,
-8.92935,-20.1435,1.78279,-0.406761,-23.757,-0.812797,1.61052,0.0551024,-0.211911,0.392159,-1.50879,0.0159254,1.8078,-0.614395,1.71879,-20.4336,19.9064,-18.4096,1.12157,0.55035,1.24461,-1.33292,-0.240693,28.2061,-26.7245,-1.56345,0.586954,25.959,-18.8329,-4.24438,9.50759,
-9.71896,-20.1435,1.78279,-0.406761,-23.6944,-0.812797,1.61052,0.0551024,-1.64306,0.392159,1.48495,0.0159254,1.8078,-0.818589,1.69888,-24.0387,15.3058,-25.9411,-0.0984666,-1.48277,1.23003,-1.33292,-0.240693,29.941,-26.7245,-1.56345,0.586954,27.107,-21.1429,29.0012,7.38566,
-9.71896,-20.1435,1.78279,-0.406761,-23.6944,-0.812797,1.61052,0.0551024,-1.64306,0.392159,1.48495,0.0159254,1.8078,-0.818589,1.69888,-24.0387,15.3058,-25.9411,-0.0984666,-1.48277,1.23003,-1.33292,-0.240693,29.941,-26.7245,-1.56345,0.586954,27.107,-21.1429,29.0012,7.38566,
-9.72236,-27.8157,1.78279,-0.406761,-23.6944,-0.812797,1.61052,0.0551024,-1.64306,0.392159,-1.50879,0.0159254,1.8078,-0.818589,1.69888,-24.0387,15.3058,-25.9411,-0.0984666,-1.48277,1.23003,-1.33292,-0.240693,29.941,-26.7245,-1.56345,0.586954,27.107,-21.1429,23.7887,7.38566,
-9.72236,-27.8157,1.78279,-0.406761,-23.6944,-0.812797,1.61052,0.0551024,-1.64306,0.392159,-1.50879,0.0159254,1.8078,-0.818589,1.69888,-24.0387,15.3058,-25.9411,-0.0984666,-1.48277,1.23003,-1.33292,-0.240693,29.941,-26.7245,-1.56345,0.586954,27.107,-21.1429,23.7887,7.38566,
-9.72236,-20.1435,1.78279,-0.406761,-19.6531,-0.812797,1.61052,0.0551024,-1.64306,0.392159,-1.50879,0.0159254,1.8078,-0.818589,1.69888,-24.0387,15.3058,-25.9411,-0.0984666,-1.48277,1.23003,-1.33292,-0.240693,29.941,-26.7245,-1.56345,0.586954,27.107,-22.1035,26.9331,14.2662,
-9.72236,-27.8157,1.78279,-0.406761,-23.6944,-0.812797,1.61052,0.0551024,-1.64306,0.392159,-1.50879,0.0159254,1.8078,-0.818589,1.69888,-24.0387,15.3058,-25.9411,-0.0984666,-1.48277,1.23003,-1.33292,-0.240693,29.941,-26.7245,-1.56345,0.586954,27.107,-21.1429,23.7887,7.38566,
-9.72236,-27.8157,1.78279,-0.406761,-23.6944,-0.812797,1.61052,0.0551024,-1.64306,0.392159,-1.50879,0.0159254,1.8078,-0.818589,1.69888,-24.0387,15.3058,-25.9411,-0.0984666,-1.48277,1.23003,-1.33292,-0.240693,29.941,-26.7245,-1.56345,0.586954,27.107,-21.1429,23.7887,7.38566,
-9.85738,-20.1435,1.78279,-0.406761,-23.6944,-0.812797,1.61052,0.0551024,-1.64306,0.392159,1.48495,0.0159254,1.8078,-0.818589,1.69888,-28.4277,16.9924,-20.768,-0.0984666,-1.48277,1.23003,-1.33292,-0.363504,29.6048,-30,-1.56345,0.586954,28.9964,-3.5697,0.795991,9.50759,
-9.86419,-20.1435,-1.09175,1.38978,8.63889,-0.812797,1.61052,0.0551024,-1.64306,0.392159,1.48495,0.0159254,1.8078,-0.614395,1.71879,-20.1674,19.4415,-18.4096,1.12157,0.55035,1.24461,-1.33292,-0.240693,28.2061,-28.105,-1.56345,0.586954,18.6989,1.38287,21.6406,9.0976,
-9.86419,-20.1435,-1.09175,1.38978,8.63889,-0.812797,1.61052,0.0551024,-1.64306,0.392159,1.48495,0.0159254,1.8078,-0.614395,1.71879,-20.1674,19.4415,-18.4096,1.12157,0.55035,1.24461,-1.33292,-0.240693,28.2061,-28.105,-1.56345,0.586954,18.6989,1.38287,21.6406,9.0976,
-10.0644,-20.1435,-1.09175,1.38978,8.63889,-0.812797,1.61052,0.0551024,-1.64306,0.392159,1.48495,0.0159254,1.8078,-0.359676,1.69888,-22.2361,26.0296,-18.4096,1.17158,0.55035,1.24461,-1.33292,-0.240693,29.941,-30,-1.56345,0.586954,28.9964,-3.5697,0.795991,11.206,
-10.0644,-20.1435,-1.09175,1.38978,8.63889,-0.812797,1.61052,0.0551024,-1.64306,0.392159,1.48495,0.0159254,1.8078,-0.359676,1.69888,-22.2361,26.0296,-18.4096,1.17158,0.55035,1.24461,-1.33292,-0.240693,29.941,-30,-1.56345,0.586954,28.9964,-3.5697,0.795991,11.206,
-10.2487,-27.8157,1.78279,-0.406761,-24.1061,-0.812797,1.61052,0.0551024,-1.64306,0.392159,1.48495,0.0159254,1.5722,-0.818589,1.69888,-27.8658,19.9064,-16.8309,1.12157,0.55035,1.24461,-1.33292,-0.240693,27.1537,-30,-1.56345,0.586954,28.9964,-20.3921,-1.18135,18.0552,
-10.2487,-27.8157,1.78279,-0.406761,-24.1061,-0.812797,1.61052,0.0551024,-1.64306,0.392159,1.48495,0.0159254,1.5722,-0.818589,1.69888,-27.8658,19.9064,-16.8309,1.12157,0.55035,1.24461,-1.33292,-0.240693,27.1537,-30,-1.56345,0.586954,28.9964,-20.3921,-1.18135,18.0552,
-10.2487,-27.8157,1.78279,-0.406761,-24.1061,-0.812797,1.61052,0.0551024,-1.64306,0.392159,1.48495,0.0159254,1.5722,-0.818589,1.69888,-27.8658,19.9064,-16.8309,1.12157,0.55035,1.24461,-1.33292,-0.240693,27.1537,-30,-1.56345,0.586954,28.9964,-20.3921,-1.18135,18.0552,
-10.2487,-27.8157,1.78279,-0.406761,-24.1061,-0.812797,1.61052,0.0551024,-1.64306,0.392159,1.48495,0.0159254,1.5722,-0.818589,1.69888,-27.8658,19.9064,-16.8309,1.12157,0.55035,1.24461,-1.33292,-0.240693,27.1537,-30,-1.56345,0.586954,28.9964,-20.3921,-1.18135,18.0552,
-10.3727,-27.8157,1.78279,-0.406761,-24.1061,-0.812797,1.61052,0.0551024,-1.64306,0.392159,1.48495,0.0159254,1.5722,-0.818589,1.69888,-21.242,15.3058,-27.1181,-0.0984666,-1.48277,1.23003,-1.33292,-0.240693,23.7598,-30,-1.56345,0.586954,23.5242,-2.34912,21.7349,6.74525,
-10.3891,-21.2794,1.78279,-0.406761,-20.0096,-0.690057,1.61052,0.0551024,-1.64306,0.392159,1.48495,0.0159254,1.5722,-0.818589,1.69888,-24.0387,15.3058,-25.9411,-0.0984666,-1.48277,1.23003,-1.33292,-0.240693,29.941,-25.9277,-1.56345,0.586954,26.9267,-0.92566,18.1417,9.0976,
-10.5746,-20.1435,-0.362155,1.38978,8.63889,-0.812797,1.61052,0.0551024,-1.64306,0.392159,1.48495,0.0159254,-0.102385,-0.137645,1.69888,-28.4277,16.9924,-20.768,-0.0984666,-1.48277,1.23003,-1.33292,-0.363504,27.9134,-30,-1.56345,-0.113728,23.5242,-2.2747,18.0173,7.38978,
-10.5746,-20.1435,-0.362155,1.38978,8.63889,-0.812797,1.61052,0.0551024,-1.64306,0.392159,1.48495,0.0159254,-0.102385,-0.137645,1.69888,-28.4277,16.9924,-20.768,-0.0984666,-1.48277,1.23003,-1.33292,-0.363504,27.9134,-30,-1.56345,-0.113728,23.5242,-2.2747,18.0173,7.38978,
-10.5746,-20.1435,-0.362155,1.38978,8.63889,-0.812797,1.61052,0.0551024,-1.64306,0.392159,1.48495,0.0159254,-0.102385,-0.137645,1.69888,-28.4277,16.9924,-20.768,-0.0984666,-1.48277,1.23003,-1.33292,-0.363504,27.9134,-30,-1.56345,-0.113728,23.5242,-2.2747,18.0173,7.38978,
-10.6085,-27.8157,1.48671,-0.406761,9.24438,-0.812797,1.61052,0.0551024,-1.64306,0.392159,1.48495,0.0159254,1.5722,-0.614395,1.69888,-24.0387,15.3058,-25.9692,-0.0984666,-1.48277,1.23003,-1.33292,-0.363504,27.9134,-25.9277,-1.56345,0.586954,23.5242,-2.2747,20.5798,7.38978,
-10.7949,-30,1.36088,-0.406761,8.63889,-0.812797,1.61052,0.0551024,-1.64306,0.392159,1.48495,0.0159254,1.5722,-0.818589,1.69888,-24.0387,20.3618,-17.9278,1.12157,0.55035,1.23003,-1.33292,-0.240693,27.6536,-30,-1.56345,0.586954,19.6304,-0.600425,-1.18135,11.101,
-10.7949,-30,1.36088,-0.406761,8.63889,-0.812797,1.61052,0.0551024,-1.64306,0.392159,1.48495,0.0159254,1.5722,-0.818589,1.69888,-24.0387,20.3618,-17.9278,1.12157,0.55035,1.23003,-1.33292,-0.240693,27.6536,-30,-1.56345,0.586954,19.6304,-0.600425,-1.18135,11.101,
-10.7949,-30,1.36088,-0.406761,8.63889,-0.812797,1.61052,0.0551024,-1.64306,0.392159,1.48495,0.0159254,1.5722,-0.818589,1.69888,-24.0387,20.3618,-17.9278,1.12157,0.55035,1.23003,-1.33292,-0.240693,27.6536,-30,-1.56345,0.586954,19.6304,-0.600425,-1.18135,11.101,
-10.7949,-30,1.36088,-0.406761,8.63889,-0.812797,1.61052,0.0551024,-1.64306,0.392159,1.48495,0.0159254,1.5722,-0.818589,1.69888,-24.0387,20.3618,-17.9278,1.12157,0.55035,1.23003,-1.33292,-0.240693,27.6536,-30,-1.56345,0.586954,19.6304,-0.600425,-1.18135,11.101,
-10.8598,-20.1435,-0.362155,1.38978,8.63889,-0.812797,1.61052,0.0551024,-1.64306,0.392159,1.48495,0.0159254,1.5722,-0.818589,1.69888,-24.0387,20.3618,-17.9278,1.12157,0.55035,1.23003,-1.33292,-0.240693,27.6536,-29.1423,-1.56345,0.586954,19.6304,-0.600425,-1.18135,11.101,
-10.9403,-21.2794,1.78279,-0.406761,-20.0096,-0.690057,1.61052,0.0551024,-1.64306,0.392159,1.48495,0.0159254,1.5722,-0.818589,1.69888,-24.0387,20.3618,-17.9278,1.12157,0.55035,1.23003,-1.33292,-0.240693,27.6536,-29.1423,-1.56345,0.586954,19.6304,-0.600425,-1.18135,11.101,
-10.9403,-21.2794,1.78279,-0.406761,-20.0096,-0.690057,1.61052,0.0551024,-1.64306,0.392159,1.48495,0.0159254,1.5722,-0.818589,1.69888,-24.0387,20.3618,-17.9278,1.12157,0.55035,1.23003,-1.33292,-0.240693,27.6536,-29.1423,-1.56345,0.586954,19.6304,-0.600425,-1.18135,11.101,
-11.1445,-20.1435,-1.09175,1.38978,8.63889,-0.844527,1.61052,0.0551024,-1.64306,0.392159,1.48495,0.0159254,1.5722,-0.818589,1.69888,-24.0387,20.3618,-17.9278,1.12157,0.55035,1.23003,-1.33292,-0.240693,27.6536,-29.1423,-1.56345,0.586954,19.6304,1.37724,-1.18135,9.51233,
-11.2638,-21.7677,1.78279,-0.406761,-24.1061,-0.812797,1.61052,0.0551024,-1.64306,0.392159,1.48495,0.0159254,-0.102385,-0.137645,1.69888,-21.242,15.3058,-30,-0.0984666,-1.48277,1.23003,-1.33292,-0.240693,27.6536,-29.1423,-1.56345,0.586954,19.6304,-0.600425,-1.18135,11.101,
-11.4118,-27.8157,-1.32064,-0.406761,-24.1061,-0.812797,1.61052,0.0551024,-1.64306,0.392159,1.48495,0.0159254,-0.102385,-0.137645,1.69888,-27.2451,16.9924,-25.9411,-0.0984666,-1.48277,1.23003,-1.33292,-0.240693,27.6536,-29.1423,-1.56345,0.586954,19.6304,-0.600425,-1.18135,11.101,
-11.4327,-27.8157,-1.32064,-0.406761,-24.1061,-0.620885,1.61052,0.0551024,-1.64306,0.392159,1.48495,0.0159254,-0.102385,-0.137645,1.69888,-27.2451,16.9924,-25.9411,-0.0984666,-1.48277,1.23003,-1.33292,-0.240693,27.6536,-29.1423,-1.56345,0.586954,19.6304,-0.600425,-1.18135,11.101,
-11.4327,-27.8157,-1.32064,-0.406761,-24.1061,-0.620885,1.61052,0.0551024,-1.64306,0.392159,1.48495,0.0159254,-0.102385,-0.137645,1.69888,-27.2451,16.9924,-25.9411,-0.0984666,-1.48277,1.23003,-1.33292,-0.240693,27.6536,-29.1423,-1.56345,0.586954,19.6304,-0.600425,-1.18135,11.101,
-11.4327,-27.8157,-1.32064,-0.406761,-24.1061,-0.620885,1.61052,0.0551024,-1.64306,0.392159,1.48495,0.0159254,-0.102385,-0.137645,1.69888,-27.2451,16.9924,-25.9411,-0.0984666,-1.48277,1.23003,-1.33292,-0.240693,27.6536,-29.1423,-1.56345,0.586954,19.6304,-0.600425,-1.18135,11.101,
-11.4327,-27.8157,-1.32064,-0.406761,-24.1061,-0.620885,1.61052,0.0551024,-1.64306,0.392159,1.48495,0.0159254,-0.102385,-0.137645,1.69888,-27.2451,16.9924,-25.9411,-0.0984666,-1.48277,1.23003,-1.33292,-0.240693,27.6536,-29.1423,-1.56345,0.586954,19.6304,-0.600425,-1.18135,11.101,
-11.4327,-27.8157,-1.32064,-0.406761,-24.1061,-0.620885,1.61052,0.0551024,-1.64306,0.392159,1.48495,0.0159254,-0.102385,-0.137645,1.69888,-27.2451,16.9924,-25.9411,-0.0984666,-1.48277,1.23003,-1.33292,-0.240693,27.6536,-29.1423,-1.56345,0.586954,19.6304,-0.600425,-1.18135,11.101,
-11.4825,-27.8157,-1.32064,-0.406761,-24.1061,-0.812797,1.61052,0.0551024,-1.64306,0.392159,1.48495,0.0159254,-0.102385,-0.137645,1.69888,-24.0387,11.9053,-25.9692,-0.0984666,-1.48277,1.23003,-1.33292,-0.363504,24.5608,-25.8037,-1.56345,0.586954,23.5242,-0.600425,-1.18135,11.101,
-11.4969,-30,1.48671,-0.406761,10.4655,-0.812797,1.61052,0.0551024,-1.64306,0.392159,1.48495,0.0159254,-0.102385,-0.137645,1.69888,-24.0387,11.9053,-25.9692,-0.0984666,-1.48277,1.23003,-1.33292,-0.363504,24.5608,-25.8037,-1.56345,0.586954,23.5242,-0.758877,-1.18135,11.101,
-11.5386,-20.1435,-1.09175,1.38978,12.6078,-0.844527,1.61052,0.0551024,-1.61496,0.392159,1.48495,0.0159254,-0.102385,-0.137645,1.69888,-28.4277,16.9924,-20.768,-0.0984666,-1.48277,1.23003,-1.33292,-0.363504,27.9134,-25.9277,-1.56345,0.586954,23.5242,-0.600425,-1.18135,11.101,
-11.5386,-20.1435,-1.09175,1.38978,12.6078,-0.844527,1.61052,0.0551024,-1.61496,0.392159,1.48495,0.0159254,-0.102385,-0.137645,1.69888,-28.4277,17.1848,-20.768,-0.0984666,-1.48277,1.23003,-1.33292,-0.363504,27.9134,-25.9277,-1.56345,0.586954,23.5242,-0.600425,-1.18135,11.101,
-11.5625,-27.8157,1.48671,0.118116,10.4655,-0.812797,1.61052,0.0551024,-1.64306,0.392159,1.48495,0.0159254,-0.102385,-0.137645,1.69888,-24.0387,12.7703,-25.9692,-0.0984666,-1.48277,1.23003,-1.33292,-0.363504,24.5608,-25.8037,-1.56345,0.586954,23.5242,-0.758877,-1.18135,11.101,
-11.5625,-27.8157,1.48671,0.118116,10.4655,-0.812797,1.61052,0.0551024,-1.64306,0.392159,1.48495,0.0159254,-0.102385,-0.137645,1.69888,-24.0387,12.7703,-25.9692,-0.0984666,-1.48277,1.23003,-1.33292,-0.363504,24.5608,-25.8037,-1.56345,0.586954,23.5242,-0.758877,-1.18135,11.101,
-11.674,-20.1435,-1.09175,1.38978,12.6078,-0.844527,1.61052,0.0551024,1.48551,0.392159,1.48495,0.0159254,0.0678494,-0.137645,1.69888,-26.8384,11.2154,-25.9692,-0.0984666,-1.48277,1.23003,-1.33292,-0.363504,24.5608,-30,-1.56345,0.586954,26.9267,-0.600425,-1.18135,9.77525,
-11.674,-20.1435,-1.09175,1.38978,12.6078,-0.844527,1.61052,0.0551024,1.48551,0.392159,1.48495,0.0159254,0.0678494,-0.137645,1.69888,-26.8384,11.2154,-25.9692,-0.0984666,-1.48277,1.23003,-1.33292,-0.363504,24.5608,-30,-1.56345,0.586954,26.9267,-0.600425,-1.18135,9.77525,
-11.9356,-20.1435,-1.10794,1.38978,8.63889,0.0696764,-0.0749344,0.0551024,-1.64306,0.0604445,1.48495,0.0159254,-0.102385,-0.137645,-0.0853473,-28.4277,16.9924,-17.9278,1.12157,0.55035,1.23003,-1.33292,-0.363504,27.9134,-25.8037,-1.56345,-0.113728,19.6304,-0.600425,-1.18135,11.101,
-11.9356,-20.1435,-1.10794,1.38978,8.63889,0.0696764,-0.0749344,0.0551024,-1.64306,0.0604445,1.48495,0.0159254,-0.102385,-0.137645,-0.0853473,-28.4277,16.9924,-17.9278,1.12157,0.55035,1.23003,-1.33292,-0.363504,27.9134,-25.8037,-1.56345,-0.113728,19.6304,-0.600425,-1.18135,11.101,
-11.9356,-20.1435,-1.10794,1.38978,8.63889,0.0696764,-0.0749344,0.0551024,-1.64306,0.0604445,1.48495,0.0159254,-0.102385,-0.137645,-0.0853473,-28.4277,16.9924,-17.9278,1.12157,0.55035,1.23003,-1.33292,-0.363504,27.9134,-25.8037,-1.56345,-0.113728,19.6304,-0.600425,-1.18135,11.101,
-11.9356,-20.1435,-1.10794,1.38978,8.63889,0.0696764,-0.0749344,0.0551024,-1.64306,0.0604445,1.48495,0.0159254,-0.102385,-0.137645,-0.0853473,-28.4277,16.9924,-17.9278,1.12157,0.55035,1.23003,-1.33292,-0.363504,27.9134,-25.8037,-1.56345,-0.113728,19.6304,-0.600425,-1.18135,11.101,
-11.9356,-20.1435,-1.10794,1.38978,8.63889,0.0696764,-0.0749344,0.0551024,-1.64306,0.0604445,1.48495,0.0159254,-0.102385,-0.137645,-0.0853473,-28.4277,16.9924,-17.9278,1.12157,0.55035,1.23003,-1.33292,-0.363504,27.9134,-25.8037,-1.56345,-0.113728,19.6304,-0.600425,-1.18135,11.101,
-11.9356,-20.1435,-1.10794,1.38978,8.63889,0.0696764,-0.0749344,0.0551024,-1.64306,0.0604445,1.48495,0.0159254,-0.102385,-0.137645,-0.0853473,-28.4277,16.9924,-17.9278,1.12157,0.55035,1.23003,-1.33292,-0.363504,27.9134,-25.8037,-1.56345,-0.113728,19.6304,-0.600425,-1.18135,11.101,
-11.9356,-20.1435,-1.10794,1.38978,8.63889,0.0696764,-0.0749344,0.0551024,-1.64306,0.0604445,1.48495,0.0159254,-0.102385,-0.137645,-0.0853473,-28.4277,16.9924,-17.9278,1.12157,0.55035,1.23003,-1.33292,-0.363504,27.9134,-25.8037,-1.56345,-0.113728,19.6304,-0.600425,-1.18135,11.101,
-11.9812,-20.1435,-1.10794,1.38978,7.50519,0.0696764,-0.0749344,0.0551024,-1.64306,0.0604445,1.48495,0.0159254,-0.102385,-0.137645,1.69888,-27.8567,16.9924,-20.768,-0.0984666,-1.48277,1.23003,-1.33292,-0.363504,27.9134,-27.0197,-1.56345,0.586954,23.5242,-0.600425,-1.18135,11.101,
-11.9812,-20.1435,-1.10794,1.38978,7.50519,0.0696764,-0.0749344,0.0551024,-1.64306,0.0604445,1.48495,0.0159254,-0.102385,-0.137645,1.69888,-27.8567,16.9924,-20.768,-0.0984666,-1.48277,1.23003,-1.33292,-0.363504,27.9134,-27.0197,-1.56345,0.586954,23.5242,-0.600425,-1.18135,11.101,
-12.0804,-20.1435,-1.10794,1.38978,8.63889,0.0696764,-0.0749344,0.0551024,-1.64306,0.0604445,1.48495,0.0159254,-0.102385,-0.137645,-0.0853473,-23.9462,16.9924,-17.9278,-0.0984666,-1.48277,1.23003,-1.33292,-0.363504,27.9134,-25.9277,-1.56345,0.586954,23.5242,-0.600425,-1.18135,11.101,
